titles,category
이복현 금감원장  김건희 여사 주가조작 의혹  증거 없어 기소 못 했다 ,Securities
뿔난 남양유업 소액주주들  대법원 무시하는 홍 회장  주주 배려해야 ,Securities
  증권    일까지  년 만기     공모,Securities
국민연금  지난해   월까지 잠정수익률       기록,Securities
프리엠스  주당   원 결산배당 결정,Securities
국민연금 수익률 두 자릿수 눈 앞   월 기금 자산     조,Securities
 특징주 삼성바이오로직스    대 강세     중국기업 규제 영향 ,Securities
벤치마크 못 따라가는    자산운용 투자자 이탈  가속 ,Securities
앱클론  작년 영업손실    억 전년        ,Securities
대상  지난해 영업이익     억 전년        ,Securities
대한제강  지난해 영업이익     억 전년        ,Securities
삼성전자 갤럭시에 바이두    장착    침투 효과적일 것,Securities
남양유업 소액주주모임  사명 바꿔달라 차파트너스 공개매수 제안은 거절 ,Securities
티에스이         개발  세미콘 코리아      공개 ,Securities
명품 플랫폼 발란  작년  분기 영업이익 첫 흑자 창립  년만 ,Securities
 주가 바겐세일 끝날라  외국인 매집에     ,Securities
한 달 만에  조 이탈  초비상  개미들 자금 이곳으로 몰렸다,Securities
프리엠스  주당   원 현금배당,Securities
대신증권  연   대 우량 채권 온라인 특판,Securities
프리엠스  작년 영업손실     만원 적자 전환,Securities
 속보 김주현  홍콩      책임질 것 있으면 책임질 것 ,Securities
교보증권  연계영업 강화를 위한   비즈센터 현판식 개최,Securities
    열풍  타고 올해 주가  배 뛴 한글과컴퓨터     대 급락 핫종목 ,Securities
 속보 김주현  은행     판매 금지  검사 결과 볼 것 ,Securities
강희수 요기요 본부장  타다 운전대 잡고  부르릉 ,Securities
   라씨로  태영건설우  공사대금 이슈 해소에 주가  ,Securities
한국   협력업체들  남선알미늄 본사 방문,Securities
  그룹  비상경영체제속 공격적 투자 눈길  거래 재개에 사활 ,Securities
한국증권금융  이영찬 신임 상무 선임,Securities
  바이오팜  분기 영업익 흑자전환   올해 흑자기조 목표 ,Securities
경보제약  지난해 영업익   억 전년비         ,Securities
이복현  김건희 주가조작 의혹  증거 있었으면 기소했을 것 ,Securities
  갤럭시         구글 대신 바이두  어니봇  탑재,Securities
   라씨로  선광  작년 호실적에 주가     ,Securities
금감원  가상자산 불공정거래도 신고받는다,Securities
하이투자증권   하이 마이트리     랩  판매,Securities
기업거버넌스포럼  증시 저평가 해소책 내놓는다,Securities
     인도 뭄바이 사무소 설립,Securities
대기자금 반등에 비트코인도 반등  매일코인 ,Securities
대한제강  지난해 영업익     억 전년비        ,Securities
  바이오팜 작년 영업손실    억원 적자 축소 종합 보 ,Securities
농구단까지 샀던 회사의 기막힌 몰락 자본시장서 퇴출당했다,Securities
 만원 돌파한     신약     승인 기대감이 견인,Securities
실적 전망 먹구름    셈법 복잡해진 에코프로비엠    베팅    들,Securities
삼화페인트  지난해 영업이익    억 전년        ,Securities
     다음달  일 기업설명회 개최,Securities
트루엔  지난해 영업이익    억 전년         ,Securities
바이오다인  지난해 영업손실   억 적자 전환,Securities
롯데정보통신  작년 영업익    억 전년비         주목  공시 ,Securities
커머스마이너  지난해 영업이익  억 전년        ,Securities
탑코미디어  웹툰    기반  숏폼 드라마  제작,Securities
삼화페인트  지난해 영업익    억 전년비        ,Securities
 동양사태  피해자들  천억원대 집단소송 항소심도 패소,Securities
오가닉티코스메틱   월  일 주주총회 소집,Securities
케이리츠    농협캐피탈빌딩 매각 속도 주관사에      선정,Securities
금감원  가상자산 신고센터 확대개편 시세조종 등 불공정거래도 접수  투자    ,Securities
키움증권  미국주식옵션 기초자산    종목으로 확대,Securities
트루엔  지난해 영업익    억 전년비        ,Securities
 특징주  이마트  스타필드 의무휴업 폐지 기대감 업고  급등 ,Securities
부동산   충당금 압박에 증권사    적자 불가피 믿을건 전통  ,Securities
 단독  더현대 서울   명품 시계 주얼리  까르띠에 품는다,Securities
 특징주 삼성전자       램  연구개발 소식에 기술적 반등까지   대 ,Securities
 속보 이복현  내달 홍콩     은행 증권사 검사 끝낼 것 ,Securities
헝다 청산에도 중화권증시 일제 상승  항셍       상하이      ,Securities
  중공업     억 규모 재건축사업 시공사 선정,Securities
 증시신상품    증권  홍콩 지수 기초자산 원금지급형     공모,Securities
신한   금융   인재 양성  프로 디지털 아카데미   기 교육생 모집,Securities
금융    기업 밸류업  도입 임박에      배 기대감 ,Securities
탑코미디어  웹툰    기반  숏폼 드라마  제작,Securities
     다음달  일 기업설명회 개최,Securities
트루엔  작년 영업익    억 전년        ,Securities
남선알미늄  한국    협신회  벤치마킹 행사로 본사 방문 ,Securities
  증권    시간 실시간 환전 거래 서비스 제공,Securities
  헝다 청산 명령에도 중화권 증시 되레 올라  권영훈의 증시뉴스      ,Securities
바이오다인  작년 영업손실   억    만원 적자 전환,Securities
유진투자선물  해외선물 실전투자대회  커뮤니티 리그 시즌    개최,Securities
코스피  외국인 기관 쌍끌이 매수에 기술적 반등     선,Securities
  바이오팜  작년 영업손실    억 전년비 적자 축소  주목  공시 ,Securities
스튜디오삼익  청약 증거금    넘었다 경쟁률     대   기록,Securities
이복현 원장  도이치모터스건 증거 있었으면 기소했을 것 ,Securities
      전환사채 채권자와 채무조정 합의,Securities
 돈 안 갚으면 압류  추심업자의 협박    판결 공증 없으면  무효 ,Securities
우리자산운용  순자산   조원 규모 운용사로 새출발 통합법인 출범,Securities
남선알미늄  한국    협신회  벤치마킹 행사로 본사 방문 ,Securities
제이엘스탠다드             메타버스 글로벌마켓  공동관 참가 지원사업  선정,Securities
탑코미디어  웹툰   기반  숏폼 드라마  제작,Securities
비사이드  가치투자분석 공모전 진행,Securities
지난해     발행금액   조   억원 전년       ,Securities
커머스마이너  작년 영업이익  억 전년        ,Securities
   조원 규모   년물 입찰 소화    년물 금리         채권분석 ,Securities
 솔로지옥   천국도 그곳  스타셰프가 밸런타인 프로모션,Securities
메디아나  지난해 매출    억원  역대 최대치 재경신 ,Securities
 특징주 부방 계열사  그린수소 대량생산 핵심기술 이전 상용화 추진 소식에 ,Securities
신개념 해양도시 개발로 시화    주목   힐스테이트 라군인테라스 차  분양,Securities
 신규 조성 기금 운용 역량 강화 필수  정책금융기관 새해 분주히 조직재편,Securities
   라씨로 엘앤에프  코스피 이전 상장 첫날 하락세,Securities
행동주의 펀드  주총시즌 앞두고 활동 본격화 단기이익 치중 우려도,Securities
해외는  골디락스    코스피만   월 악몽  왜,Securities
탑코미디어  웹툰    기반  숏폼 드라마  제작  글로벌 플랫폼 방영 목표 ,Securities
올릭스    일 기업설명회 개최,Securities
금감원  가상자산 불공정거래도 신고받는다,Securities
롯데정보통신  지난해 영업이익    억 전년        ,Securities
 특징주  태영건설  공사대금 이슈 해소에  쑥  우선주는 상한가,Securities
코텍  전환가액     원으로 하향 조정,Securities
 공시   바이오팜      년    억 영업손실,Securities
금감원  가상자산 투자사기 기승  신고센터 개편 엄정 대응 ,Securities
 재 서울테크노파크  스마트공장 구축 지원 위한 퍼실리테이터 사업 참여기업 모집,Securities
코스닥  기관 외국인  팔자     그룹주 급등,Securities
홍콩법원  부채    조원 헝다 청산 명령  법원 승인 관건,Securities
 동양그룹 사태  피해자들      억원대 집단소송  심서도 패소,Securities
  증권   홍콩 지수      공모  최고      수익률 ,Securities
   오후시황 코스피  동학개미 순매도에도     선 상승세,Securities
 충남 천안 그린스타트업타운 오픈이노베이션 성료 ,Securities
서울시 중부 남부기술교육원 남부캠퍼스      년 상반기 무료 교육생 모집,Securities
 찐비트 기업들의 월동대책에  방학 을 포함하라,Securities
 다시   만원 찍었다  최고가는 시간문제  삼바  주가도  축포  쏠까,Securities
  바이오팜 작년 영업손실    억원 적자 축소 종합 ,Securities
 특징주  와이씨켐  삼성  유리 반도체 기판  가속화  세계 최초 유리 코팅제 개발 부각,Securities
 평생 주택 소유는 불가능     세대    의 답변,Securities
키움증권  미국주식옵션 기초자산    종목으로 확대 ,Securities
교보증권  연계영업 강화 위한      센터 현판식,Securities
달러 강세 외국인 순매수 전환 장중 환율      원 중후반대 레인지 외환분석 ,Securities
 주간뉴욕증시       고용지표 빅테크 실적 등 주목,Securities
 속보 김주현  홍콩     피해자 배상  충분히 감안할 것 ,Securities
글로벌텍스프리   년만에 흑자 청신호 올해도 성장 이어갈까,Securities
롯데정보통신    일 기업설명회 개최,Securities
이복현  금소법  년      계기로 점검할 필요 ,Securities
롯데정보통신  지난해  분기 영업이익    억 전년        ,Securities
마니커에프앤지  지난해 영업이익   억 흑자 전환,Securities
헝다 파산에도 항셍지수    상승  시장 영향 거의 없어,Securities
가상자산 불법행위 통합 신고센터 구축,Securities
 가상자산 투자사기  신고  평균    건 금감원  엄정 대응 ,Securities
회삿돈   억 빼돌려 가족 외제차 리스비용 낸 대부업 대표,Securities
금감원  가상자산 불공정거래도 신고받는다 센터 개편,Securities
금감원  가상자산 불공정거래 의심 건도 제보받는다,Securities
금감원  가상자산신고센터 개편  불공정거래신고도 접수,Securities
 미  세계 최고 회복세 의회 필두로 정부 연준 대응 주효 ,Securities
 증거금 무려  조원  스튜디오삼익  내달  일 코스닥 상장,Securities
한투운용  엔터주 집중투자     출시  대 종목 비중    ,Securities
     올해 회복된다 증시 상승에 투자금 회수 늘 것 ,Securities
이복현  홍콩     고강도 조사 제도개선 검토 ,Securities
이복현  김건희 주가조작 연루 의혹  증거 없어 기소 못했다 ,Securities
 바닥 찍고 반등  에코프로머티 순매수  위 주식 초고수는 지금 ,Securities
중국  공매도 제한  주가 부양책에도 증시 하락세      오전 ,Securities
율촌  전자투표제 도입,Securities
        다음달   일 주주총회 소집,Securities
크리에이츠           쇼 성황 속 마무리     신제품 공개,Securities
마니커프에프앤지  작년 영업이익   억 흑자 전환,Securities
엠브레인  데이터 테크 기업으로 도약하다,Securities
 미지급 공사대금 전달  사업장 정상화 기대감에 태영건설우     핫종목 ,Securities
 올해     시장 회복세 불확실성 지속돼 상장전략 다변화해야 ,Securities
하이투자증권   하이 마이트리     랩  판매,Securities
신한투자증권  금융    인재 양성 프로그램  기 교육생 모집,Securities
    년     발행금액   조   억원 전년       감소,Securities
코스피  외인 기관  사자 에     선 회복,Securities
홍콩법원    부동산 개발업체 헝다에 청산 명령,Securities
롯데정보통신   분기 영업익    억 전년비        ,Securities
포스뱅크  상장 첫날      급등,Securities
 속보 이복현  김건희 여사 주가조작  증거 있으면 기소했을 것 ,Securities
    랠리  필라델피아반도체지수  년간     급등 더 오른다,Securities
  바이오팜   분기 영업익    억 흑자전환,Securities
스튜디오삼익  일반청약 경쟁률     대  증거금  조   억,Securities
  바이오팜 작년 영업손실    억원 적자 축소,Securities
 속보 이복현  홍콩     판매경로 조사 뒤 제도개선 검토 ,Securities
키움증권    주식옵션 기초자산    종목으로 확대,Securities
스튜디오삼익 일반청약 경쟁률  천   대   증거금 약  조원,Securities
교보증권  연계영업 강화 위한      센터 현판식 개최,Securities
마니커에프앤지  지난해 영업익   억 흑자전환,Securities
   중국 규제 시동에 반사이익 가능성 삼바   만원선 돌파 핫종목 ,Securities
싱가포르  통화정책  연속 유지    인플레 점진적 완화 ,Securities
 도 공매도 막는다 보호예수주식 대여 전면중단  추가 부양책 ,Securities
키움증권   주식옵션 기초자산    종목으로 확대,Securities
스튜디오삼익  일반청약 경쟁률     대   증거금   ,Securities
 속보 이복현  홍콩     조사 중 끝나면 결과 발표 ,Securities
메디아나  지난해 매출    억 역대 최대치 경신,Securities
대신증권  세전수익률 연   대 우량 채권 온라인 특판,Securities
 특징주  태영건설우  공사 정상화 기대감에 상한가 기록,Securities
금융투자협회  금융투자상품 이해 과정 개설,Securities
금호전기  전환가액    원으로 하향 조정,Securities
동아쏘시오홀딩스  내달  일 기업설명회 개최,Securities
모토닉  주당    원 결산 배당,Securities
 증시신상품  대신증권  세전 수익률 연   대 채권  종 특판,Securities
스튜디오삼익  청약 경쟁률     대   증거금   ,Securities
신한    프로 디지털 아카데미   기 교육생 모집,Securities
메디톡스  뉴라덤    최대 쇼핑몰  라쿠텐  론칭 ,Securities
키움증권  미국주식옵션 기초자산    종목으로 확대,Securities
우주일렉트로닉스   디자인콘        년 연속 참가,Securities
 마켓인 포스코어    억원 규모 시드투자 유치 한투   등 참여,Securities
 칩톡 반도체 장비 싹쓸이 한   멀고 먼  자급자족 의 길,Securities
대신증권  세전수익률 연   대 우량 채권 온라인 특판 ,Securities
스튜디오삼익  공모 청약 경쟁률     대    청약 증거금  조원 모아,Securities
모토닉  주당    원 현금배당 결정,Securities
키움증권   주식옵션 기초자산    종목으로 확대  다양한 투자전략 구사 가능 ,Securities
스튜디오삼익  일반청약 경쟁률     대   기록 증거금  조 ,Securities
   하이브           팝 집중하는     나온다,Securities
   산업 특성  대기업보다 중기 잘 맞아 ,Securities
       반도체    반도체     최대 순매수,Securities
 바이든 지원 올트먼 협력  기대감에 삼성전자   권영훈의 증시뉴스      ,Securities
다올투자증권 작년  분기 흑자전환,Securities
신한투자증권   프로 디지털 아카데미   기 교육생 모집,Securities
주식형펀드도 미일  훨훨  한중  골골 ,Securities
반도체 보조금 푸는        삼성전자 주가 들썩  투자    ,Securities
밀항 시도하다 붙잡힌  영풍제지 주가조작  주범  구속심사 포기,Securities
 올댓차이나  중국 증시 상승 출발 상하이지수       ,Securities
   라씨로 포스뱅크  상장 첫날     대 강세,Securities
  증권    시간 실시간 환전 거래 서비스 제공,Securities
수장까지 쫓기듯 퇴임  카카오페이   울고  토스   웃고 ,Securities
에이치앤비디자인  주식 발행 및 상장금지 가처분 신청 각하,Securities
 한세대 한 번 있을 투자 기회  금리 인하 예상에 신흥국 채권 인기,Securities
개인      오른       미국반도체   집중 매입,Securities
 특징주  아이텍  흑연에서 상온 초전도성 발견     그래핀 신사업  부각 ,Securities
 인사 주택금융공사,Securities
메디아나  지난해  분기 영업익   억원  환차손실 영향 ,Securities
사학연금 지난해 운용수익  조    억  역대 최대   수익률      ,Securities
우리운용 통합법인 출범 순자산   조   위권 운용사로,Securities
엘앤에프  코스피 이전 상장 첫날 약세   대 하락 중,Securities
우리자산운용  통합법인 출범 우리글로벌운용과 통합 마무리,Securities
포스뱅크  코스닥 첫 날      급등,Securities
 한경유레카 특징주  기아  기대되는 주주환원정책,Securities
오늘의 증시 메모  월   일 ,Securities
교보   연계영업 강화 위한      센터 현판식 개최,Securities
한국증권금융  이영찬 상무 신규선임,Securities
기후테마 투자 뮤추얼펀드에 자금 유입  년 새 최저,Securities
현대건설 금호건설  힐스테이트 어울림 청주사직  월 분양 예정,Securities
키움증권  미국주식옵션 기초자산    종목으로 확대,Securities
 특징주  태영건설  공사대금 이슈 해소에 상승,Securities
유진투자선물  실전투자대회  커뮤니티 리그 시즌    개최,Securities
   클라우드 기대로 급등했던 삼성      월 내내 부진  반등 요인은 ,Securities
골드만삭스가 추천한 종목은    실적 발표 전에 사야 ,Securities
대원전선  작년 영업익    억 전년비          주목  공시 ,Securities
인텔리안테크    억 규모 자기주식 취득 신탁계약 체결,Securities
코스피  외국인 기관  사자  전환     선 넘어서,Securities
타이푼미디어             세라젬 부스에 특화     납품,Securities
 특징주 레이저쎌      시간 전력 줄일 신기술 성과 기대 강세,Securities
인텔리안테크    억 규모 자사주 취득 신탁계약,Securities
테크엘  전환가액     원으로 상향 조정,Securities
아이티아이즈  전환가액     원으로 상향 조정,Securities
스카이라이프  다음달  일 기업설명회 개최,Securities
메디아나  지난해  분기 영업이익   억 전년        ,Securities
유진투자선물  해외선물 실전투자대회  커뮤니티 리그 시즌     개최,Securities
인텔리안테크    억 규모 자사주 취득 신탁계약 체결,Securities
사학연금  지난해 수익률        역대 최고 ,Securities
통안채   일물        에  조원 낙찰  응찰  조   억원,Securities
삼성  협력사 대금  조    억원 조기지급    경기활성화 지원 ,Securities
지난해 역대급 투자했지만   제조업  올핸 찬바람,Securities
지난해     발행금액   조   억원  전년       감소,Securities
 한국판            미국반도체    연간       수익,Securities
크래프톤  지난해 연결 영업익     억  호실적 ,Securities
   마켓워치  사학연금  지난해  역대최고 운용수익  달성      조원 규모,Securities
골드만삭스     애플 브로드컴 실적 발표 전에 사라 ,Securities
한투운용  엔터주 집중 투자하는     포커스    출시,Securities
일생에 단 한 번 기회 신흥국 채권 투자하는 월가,Securities
대신증권  연   대 우량 채권 온라인 특판,Securities
금감원  펀드 가입 전 등록업체인지 확인해야 ,Securities
     지난해 영업이익  억 전년         ,Securities
교보증권  혁신점포 호      센터 개점    맞춤형 상품 제공 ,Securities
 아직 바닥 아니다     차전지 대장주 적자 전망 나와,Securities
한국증권금융  이영찬 상무 신규 선임,Securities
프로티아  지난해 해외   개국 신규 진출 성장세  ,Securities
한국증권금융  이영찬 상무 신규 선임,Securities
한투운용  엔터주 집중투자         포커스     출시,Securities
  증권   년 만기     공모,Securities
개인투자자용 국채  투자매력 있지만  이것  바꿔야  더 머니이스트 조재영의 투자 스토리 ,Securities
 시황  코스피   외인 기관 사자 에 장중     선 회복,Securities
작년     발행금액   조    억   전년       ,Securities
한국증권금융  이영찬 상무 신규 선임,Securities
사모펀드도   투자비중 축소  또 축소   ,Securities
교보증권  영업 강화 위한      센터 현판식 개최,Securities
크래프톤  깜짝 실적 에 장초반 강세   주 신고가 핫종목 ,Securities
오뚜기  설 앞두고 협력사 하도급대금    억 조기 지급,Securities
크리에이츠     쇼 성황 속 마무리 캘러웨이 등 호평 이어져,Securities
메디아나   분기 영업익   억 전년비        ,Securities
재벌집 막내아들 제작사  래몽래인   컴투스그룹에서 빠진다,Securities
데브시스터즈 신임    에 조길현 스튜디오킹덤 공동대표,Securities
메디아나  작년    영업이익   억    만원 전년        ,Securities
씨젠    와 협업 소식에 강세 주가     급등 핫종목 ,Securities
    앞둔 레딧 기업가치 반토막       억 달러    억 달러 ,Securities
 그레이스케일 매도세 둔화에  비트코인      만원대 회복 코인브리핑 ,Securities
   오전시황 코스피  동학개미 순매도에도      돌파,Securities
교보   연계영업 강화를 위한      센터 현판식 개최,Securities
한빛소프트  신작  그라나도 에스파다   출시일 확정  급등 ,Securities
우리자산운용 통합법인 출범  상품 라인업 확대 경쟁력 강화 ,Securities
작년     상환액  전년 대비     증가     조 천억,Securities
     인도서 대체투자 발굴  뭄바이 사무소 설립,Securities
한국증권금융  이영찬 상무 신규 선임,Securities
화일약품  행정처분으로 인한 상장유지 문제없다 ,Securities
크리에이츠      참가    신제품 공개,Securities
한국증권금융  이영찬 상무 신규 선임,Securities
 특징주  포스뱅크  코스닥 상장 첫날      급등  따따블 은 실패,Securities
한투운용  엔터 대장주에 집중 투자하는       포커스      출시,Securities
작년     발행   조   억  전년      감소  투자    ,Securities
 지금 사서  개월만 기다리세요   더블 배당  나오는 종목은,Securities
 특징주  레이저쎌  삼성전자  꿈의 메모리      램 개발 소식에 독자개발 면광원 레이저기술 부각,Securities
한투운용   팝 집중투자     출시   대 엔터주 비중     ,Securities
더블유씨피  작년    영업이익   억    만원 전년        ,Securities
삼성운용       미국반도체    개인 올해    억 순매수,Securities
하이투자증권  국내     투자  하이 마이트리     랩  판매,Securities
빅테크 반도체 실적        고용지표 증시 분수령 이번주   증시는 ,Securities
골드만   모건  캐리트레이드 다음 타자는 유로 ,Securities
  중국 바이오 규제 법안 발의 삼바   대  강세 ,Securities
 특징주 상장 첫날  따따블  달성했던 현대힘스  이튿날    대 하락,Securities
코스피 이전 첫날   대 급락한 엘앤에프 시총   위 기록,Securities
신흥국 채권 인기   한세대에 한번 있을까  하는 투자 기회 ,Securities
   베이비몬스터  파리타 로라  스턱 인 더 미들  비주얼 공개,Securities
키움증권  미국주식옵션 기초자산    종목으로 확대,Securities
키움증권  미국주식옵션 거래 종목    개로 확대,Securities
키움증권   주식옵션 기초자산    종목으로 확대  투자    ,Securities
한국캐피탈   사랑의 밥퍼  나눔 봉사 실천,Securities
 오후 시황 코스피 상승기류     선 돌파,Securities
교보증권  혁신점포  호      센터 개점 현판식 개최,Securities
 채권 투자자 주목  대신   세전수익률 연   대 우량 채권 특판,Securities
화일약품  행정처분에도 영업 상장유지 문제없어 재고 판매 가능 ,Securities
한국증권금융  이영찬 신임 상무 선임,Securities
인공지능 피트니스 플랫폼 하이랙스  네 번째 직영센터 여의도점 개점,Securities
거버넌스포럼  금융위원장 거래소 이사장에 공개서한 보낸다,Securities
 인사  한국증권금융,Securities
신한   취업연계 프로그램  프로 디지털 아카데미   기 모집,Securities
크리에이츠      쇼 성황     신제품 공개에 글로벌 기업 호평 ,Securities
 박진영  양현석도 샀대  주가 뛰나 했더니     와이지엔터  뚝 ,Securities
      미국반도체    개인투자자 꾸준한  베팅    비결은 ,Securities
금주 애플    알파벳 등 실적 주목      고용지표도 관심,Securities
우리은행   상반기 금리인하 기대 꺾여  월 환율 상단     원 ,Securities
한국증권금융  이영찬 상무 신규 선임,Securities
우리자산운용 우리글로벌자산운용 통합법인 출범  상품 라인업 확대 ,Securities
비유테크놀러지  셀럽골프앤리조트와     발행 및     서비스 협약,Securities
       시간 실시간 환전 거래 서비스 제공,Securities
이에이트  오늘부터 수요 예측 주요 기관들 참여,Securities
 특징주  포스뱅크  상장 첫날       급등 ,Securities
대신   연   대 우량 채권 온라인 특판 진행,Securities
우리자산운용 통합법인 출범   순자산   조 운용사로,Securities
대원전선  지난해 영업이익    억 전년         ,Securities
진양산업  지난해 영업이익   억 전년        ,Securities
 특징주  엘앤에프  코스피 이전 상장 첫날   대 하락,Securities
  현대중공업      억 규모       척 수주,Securities
더블유씨피  지난해  분기 영업이익   억 전년        ,Securities
 특징주   따따블  현대힘스  상장 이튿날    대 급락,Securities
삼일     올해    시장 회복세 상장 전략은 다변화 필요 ,Securities
주가 추락하자   공모펀드 지난해   조 손실,Securities
 특징주  엘앤에프  코스피 이전상장 첫날  약세 ,Securities
지난해     발행     조 상환액 전년대비     급증,Securities
       차량호출 업체 디디와 맞손 배터리교체 합작사 세웠다,Securities
새해 들어 시가총액   조원 증발한  차전지 주초부터  약세  핫종목 ,Securities
 깜짝실적  크래프톤 장중 강세   주 신고가도,Securities
        하이브    분산투자해볼까   한투운용          포커스     출시  투자    ,Securities
 특징주  삼성바이오로직스   대 강세     중국 바이오 기업 규제 반사이익,Securities
키움   미국주식옵션 거래   종목    종목 확대,Securities
   년 덴마크 전통 스테프핫도그  수제 햄버거 신메뉴 출시,Securities
     간암 치료제     허가 기대감에   대 강세 핫종목 ,Securities
  글로벌  지난해 영업이익   억원 흑자 전환,Securities
 새내기  잘나가네  포스뱅크  코스닥 입성 첫날  따블        상승,Securities
 해외 부동산 손실 우려 크다   감사원  연기금 공제회 대체투자 특별감사 재개,Securities
대원전선  지난해 영업익    억 전년비         ,Securities
  전자 프리미엄 정수 가습기  하이드로타워   판매 호조에 가습기 시장  돌풍 ,Securities
중등 인강 엠베스트   내신 전 과목 만점 및 영재교육원 합격  후기 공개,Securities
대한전선  유상증자  차 발행가액     원 결정,Securities
  팝 확장성에 투자  한투운용          포커스     상장,Securities
  채권왕  닷컴버블 연상돼   증시     폭락 가능성 ,Securities
 게시판  키움증권  미국주식옵션 거래 가능 종목 확대,Securities
   산업 특성  대기업보다 중기 잘 맞아 향후 유의미한 매출기업 중심 구성   투자    ,Securities
진양산업  지난해 영업익   억 전년비        ,Securities
비유테크  셀럽골프앤리조트와     발행 및     서비스 협약,Securities
      년 만기 연 최고           공모,Securities
키움증권  미국주식옵션 기초자산    종목으로 확대 ,Securities
 특징주  첫 미군 사망  중동 불안감 고조에 석유  강세,Securities
 포토  포스뱅크  코스닥시장 상장기념식 개최,Securities
면세 판매 저조 공항 수수료 혜택 소멸 호텔신라 목표주가     하향,Securities
  현대중공업      억 규모       척 수주 계약,Securities
지난해     발행금액   조   억원 전년 대비      줄었다,Securities
비투엔     그룹 글로벌 투자 유치 나선다  본격 반려동물 시장 공략 ,Securities
 특징주 포스뱅크 상장 첫날 따블 달성 후 하락     대 강세,Securities
 특징주 초전도체 테마   일제히 약세,Securities
오킨스전자  세미콘코리아 참가  차세대 메모리 전기차 커넥터 사업 확대 ,Securities
우리자산운용 통합법인 출범  상품 라인업 확대로 경쟁력 강화 ,Securities
우리자산운용 통합법인 출범   순자산     규모 ,Securities
      년 만기     공모  연 최고       수익,Securities
 특징주 디에이테크놀로지  흑연서 상온 초전도체 발견 논문 베트남 흑연 사업 부각 ,Securities
     인도 뭄바이 사무소 설립  투자    ,Securities
금투협   금융투자상품 이해  과정 개설,Securities
       반도체    국내 반도체     중 최대 개인순매수,Securities
공사비 인상에 분양가 급등  실수요자들 알짜 단지 선점에 주목  상도 푸르지오 클라베뉴  분양,Securities
코스피  개인 매수    외인 매도       선 횡보,Securities
상장 둘째날 힘빠진 현대힘스       ,Securities
   랩스                    행사 개최,Securities
  증권   년 만기     이달 말까지 공모,Securities
더블유씨피   분기 영업익   억 전년비        ,Securities
 특징주       신약     승인 기대감 계열사 일제히 강세,Securities
틱톡코리아 레페리  틱톡 뷰티 콘텐츠 크리에이터 활성화 위한     체결,Securities
 특징주   코스닥 시총  위  엘앤에프  코스피 이사 첫날   대 약세,Securities
작년     발행액   조   억   전년       ,Securities
제로투엔 크리에이티브 그라운드  서울시 도시건축 창의 혁신디자인 시범사업 선정,Securities
메가젠임플란트     년 연속 유럽 수출  위 달성 ,Securities
 순자산   조  우리자산운용 통합법인 출범  상품군 확대 집중   투자    ,Securities
 특징주  엘앤에프  코스피 이전 첫날  투심 위축     약세,Securities
코스피  개인 기관 매수에 강보합      대 회복 종합 ,Securities
 특징주  포스뱅크  상장 첫 날     대 강세,Securities
코스피의 매운맛  엘앤에프  코스피 이전 첫날   대 약세  투자    ,Securities
  글로벌  지난해 영업익   억 흑자전환,Securities
      바이오 기업 규제    만 원 회복한 삼바,Securities
코스닥 짐 싼 엘앤에프  이전상장 첫날     주르륵  핫종목 ,Securities
시세조종 수사 경영진 물갈이 에스엠 주가 약세,Securities
  와 협업  씨젠 다시 시동거나 주가     급등,Securities
     인도서 대체투자 기회 찾는다   뭄바이 사무소 설립,Securities
대신증권  연   대 우량 채권 온라인 특판,Securities
한국캐피탈  따뜻한 나눔 실천  사랑의 밥퍼  나눔 봉사,Securities
 특징주  포스뱅크  코스닥 상장 첫날  강세 ,Securities
   실적      앞두고 눈치보기   코스피 코스닥 엇갈린 등락,Securities
모던라이언  장범준 콘서트     티켓 단독 판매  암표 근절 나선다 ,Securities
    반도체  비중에 갈린 개인 투심        미국반도체    순매수  위,Securities
  대 기획사에     투자         에 진심인     등장,Securities
 특징주 크래프톤      어닝 서프 에   주 신고가,Securities
비유테크놀러지  셀럽골프앤리조트와     발행 및     서비스 협약,Securities
 코스닥 새내기  포스뱅크  상장 첫 날     대 강세,Securities
리서치알음  오로라  글로벌 캐릭터 콘텐츠전문기업으로 변모중   상승여력       ,Securities
대신   연   대 우량 채권 온라인 특판,Securities
     앞두고 증시 혼조세 코스피 상승 코스닥 약보합 개장시황 ,Securities
신저가 딛고 반등하나    엔솔  어려울수록 투자   이슈 전략 ,Securities
포스뱅크 코스닥시장 상장기념식,Securities
지난해     발행액     조원 하나증권 발행규모  위,Securities
코스피  장 초반 상승세     선 탈환 시도,Securities
 특징주  해운 정유   중동 긴장 속 미군 사망자 발생에 상승,Securities
       엔솔  수요 부진 여파 예상보다 커 목표가  ,Securities
 특징주  포스뱅크  상장일     대 상승  따따블 은 글쎄,Securities
 주 포스뱅크 코스닥시장 상장기념식,Securities
  증권    시간 실시간 환전 거래 서비스 제공,Securities
국고채  일제히 약세 출발    년 국채선물    틱대 하락,Securities
유진투자선물  해외선물 실전투자대회  커뮤니티 리그 시즌    개최,Securities
      년 만기     공모,Securities
  현대  머스크와  그린오션  새 시대 연다,Securities
 현대모비스  전동화 전장부품 투자회수 지연  목표가 ,Securities
       시간 실시간 환전 거래 서비스 제공,Securities
태영건설우  상한가 태영건설  미지급 공사대금 지급키로,Securities
 특징주 엘앤에프  코스피 이전 첫날   대 약세,Securities
강보합세로 출발한 코스피,Securities
코스피 초반 보합세,Securities
강보합세로 출발한 코스피,Securities
포스뱅크  코스닥 상장 첫날  따블      대 상승세  증시이슈 ,Securities
강보합세로 출발한 코스피,Securities
강보합세로 출발한 코스피,Securities
중동서 미군 사상자   명 발생 소식에 국제유가      ,Securities
코스피 장 초반에,Securities
코스피 보합세로 출발,Securities
코스피 보합세로 출발,Securities
코스피 보합세로 출발,Securities
코스피 보합세로 출발,Securities
프로티아  지난해 해외   개국 신규 진출 수출 규모 확대 기대,Securities
하이투자증권   하이 마이트리     랩  판매,Securities
몰테일  애플 비전프로 사전 판매에 맞춤 배송서비스 제공,Securities
         너무 올랐나    엔솔   분기 영업적자 전망  주가는    강세,Securities
  증권    시간 실시간 환전 거래 서비스 제공,Securities
소프트뱅크벤처스      로 사명 바꾼다,Securities
  모간의 경고    테슬라 연말까지     폭락 ,Securities
삼성운용        미국반도체    개인투자자 올해    억 최대 순매수 ,Securities
 특징주   배틀그라운드  크래프톤  호실적 발표에 연고점 경신,Securities
 특징주  포스뱅크  코스닥 상장 첫날  따블  성공,Securities
 영업익       급증  경동나비엔  주가도 날았다,Securities
대신증권  연   대 우량 채권 온라인 특판 각    억 한도,Securities
 국힘 잔류  총선 불출마 선언한 유승민 테마주 급락,Securities
오늘 증시 개장 시황은 ,Securities
오늘 증시 개장 시황은 ,Securities
원 달러 환율 상승 출발,Securities
상승 출발한 코스피 환율,Securities
코스피 환율 상승 개장,Securities
 특징주  크래프톤  호실적 발표에   주 최고가,Securities
코스피 상승 개장,Securities
오름세 보이는 코스피 환율,Securities
코스피 상승 출발,Securities
지난해     총 발행금액   조   억원 전년비      ,Securities
 따따블  성공했던 현대힘스  상장 이튿날엔    ,Securities
정철동   디플 사장       대세 속 협력사와 원팀 강화 ,Securities
빗썸  수수료 무료  중단 임박 업비트보다 낮추나,Securities
 특징주  삼성바이오로직스    우시바이오 규제 이슈에 강세,Securities
 증시   다우 영향으로 상승 출발 닛케이지수       ,Securities
긴장감 고조되는 중동 석유주 장 초반 강세,Securities
캐리어에어컨  중대형    인버터 에어컨 냉난방기 출시,Securities
비전프로로 뜨거워진     연초대비     급등 ,Securities
 따따블  찍고 하한가 급락    첫 날 팔아라  ,Securities
  증권  최고 연       수익  년만기     공모,Securities
대신   세전수익률 연   대 우량 채권 온라인 특판,Securities
 특징주  엘앤에프  코스피 이전 상장 첫날 약세,Securities
   마켓워치 매쉬업엔젤스  글로벌 로컬라이제이션 마케팅      개발에 투자,Securities
 미국     허가 임박      계열사 일제히 강세,Securities
코스피  개인 매수세에 상승      선 회복,Securities
 보조금 제외하면  분기도 적자    엔솔 강보합,Securities
하이투자       활용  하이 마이트리     랩 판매,Securities
 특징주 바이오산업까지 넓어진 미중전선 삼바  반사이익 기대에   대 ,Securities
   로     뉴진스 효과 누린다 한투운용       포커스 상품 출시,Securities
중국  공매도 제한  일정 기간 제한된 주식대여 전면 금지 ,Securities
 지금 당장 매수  어닝 서프라이즈에 주가  쑥 ,Securities
   부터    까지 회사채 연초 효과 지속되나,Securities
 특징주  원익     테라 퀀텀 흑연서 상온 초전도체 발견  계열사 제품 생산 판매 부각,Securities
  증권   년 만기 원금지급형 홍콩 지수     공모,Securities
하이투자증권     에 투자하는  하이 마이트리     랩  판매,Securities
유럽 조기 금리인하 기대에  강달러  환율  장중     원 턱 밑,Securities
 특징주 태영건설  이달 중 협력업체 공사대금    억 지급 소식에 강세,Securities
 너희한테는  원도 안 맡겨  여의도 라이벌의  실적 전쟁 ,Securities
원 달러 환율  장 초반 상승      원대 후반,Securities
현대차증권   월 코스피             ,Securities
       시간 실시간 환전 거래 서비스 제공,Securities
 특징주 엘앤에프  코스피 이전 첫날   대 하락 출발,Securities
한국캐피탈   사랑의 밥퍼  나눔 봉사 실시,Securities
소프트뱅크벤처스      로 사명 교체,Securities
포스뱅크  코스닥 입성 첫날  따블  달성 핫종목 ,Securities
비유테크놀러지  셀럽골프앤리조트와     발행     서비스 협약,Securities
 추가 상승 기대감  비트코인      만원 돌파 시도,Securities
하이   국내     활용  마이트리     랩  판매,Securities
 특징주  크래프톤   깜짝실적 에 강세 장 초반   주 신고가,Securities
하이투자증권   하이 마이트리     랩  판매,Securities
 고마진 차량   현대오토에버 목표주가   만원    ,Securities
우리운용  통합법인 출범 순자산   조원,Securities
상장 첫날  따따블  성공한 현대힘스  이튿날     급락 핫종목 ,Securities
 특징주 현대힘스  따따블 이후    대 급락,Securities
엘앤에프  코스피 이전상장 첫날  하락  시총   위로 입성,Securities
코스피  관망 심리 유입 속 상승 출발 삼바   대  ,Securities
   마켓워치 소프트뱅크벤처스           억 투자,Securities
 글로벌 색조 시장 잡는다  코스맥스  생산력 확 늘린다,Securities
    올린 에스원  투자의견  중립    매수  이베스트,Securities
       시간 실시간 환전 거래 서비스 제공,Securities
패션그룹형지  지난해 영업이익    억원      증가,Securities
 특징주      신약 기대감에   주 신고가  만원대 목전,Securities
포스뱅크  오버행 우려 딛고 상장 첫날      질주,Securities
휴젤  태국서    필러 론칭  현지 의료진 대상 세미나 성료,Securities
포스뱅크  코스닥 상장 첫날     대 급등 핫스탁 ,Securities
포스뱅크  코스닥 상장 첫날       급등 ,Securities
미국 최대 커뮤니티 레딧      앞두고 가치 하락에 고심,Securities
  증권    시간 실시간 환전 거래 서비스 제공,Securities
유진투자선물  해외선물 실전투자대회 개최,Securities
코스피 이전 상장에도 약세  펀더멘탈 유의미 변화 필요 ,Securities
설 명절 앞두고  바나나 등 수입과일 값 내려   할당관세 효과 톡톡,Securities
코스피  상승 출발하며     선 회복 환율      원 후반대로,Securities
코스닥  외국인 기관  팔자  약보합 출발,Securities
우리자산운용 통합법인 출범  라인업 확대  경쟁력 강화 ,Securities
코스피  장초반       상승        선 코스닥         보 ,Securities
비씨엔씨  반도체용 폴리 실리콘 소재 부품사업 본격 진출,Securities
코스피             포인트  오른         출발,Securities
코스피로 옮겼는데 엘앤에프 이전상장 첫날 주가 보합권,Securities
코스피  장 초반 강보합 코스닥은 소폭 하락,Securities
 특징주  포스뱅크  코스닥 상장 첫날  따블  달성,Securities
포스뱅크  코스닥 상장 첫날      급등 특징주 ,Securities
코스닥       오른        출발        ,Securities
코스피        오른         출발         ,Securities
 코스닥 개장       포인트        오른        출발,Securities
코스닥     포인트        오른        출발,Securities
 코스피                오른         출발,Securities
 나를 따르라    주주환원 늘리는 증권사  이슈 전략 ,Securities
코스피                  코스닥                 원 달러 환율       원     원  개장 시황 ,Securities
 코스피 개장        포인트        오른         출발,Securities
코스피      포인트        오른         출발,Securities
 코스닥               오른        출발,Securities
 달러 원  환율    원 오른       원 출발,Securities
원 달러 환율    원 오른       원 출발,Securities
 속보 코스피          출발        ,Securities
유진         이후  월 금리인하 기대 소멸  월로 시선 이동 ,Securities
 스팟 코스닥               오른        출발,Securities
 스팟 코스피                오른         출발,Securities
한투운용  엔터  사 집중 투자      포커스      상장,Securities
증권가   실적부진  호텔신라 목표주가 줄하향,Securities
 현대모비스  올해 외형 성장은 어렵지만 수익성은 개선될 것 ,Securities
삼성   호텔신라  단체 관광객 수요 회복 더뎌 목표가  만  만 ,Securities
예비     코셈  글로벌 시장 점유율 확대 전망  유진,Securities
  증권  현대모비스 목표가 하향    전동화 사업 흑자전환 지연 ,Securities
하이투자증권   하이 마이트리     랩  판매,Securities
애경산업     기대치 하회에도 우려 없다 목표가  만 상상인,Securities
   하이닉스  실적 서프라이즈에도 주가 변동성 커져  미래에셋증권,Securities
   엔솔  수요부진 여파 예상보다 커 ,Securities
유안타   현대모비스  시장 기대치 밑도는  분기 실적  모듈 부품 사업 수익성 정체 ,Securities
신한   호텔신라  실적 부진에 목표가 하향    여행객  분기   ,Securities
 클릭  종목  호텔신라  해외  임차료 감면 혜택 축소 목표가   ,Securities
   투자증권    이노텍  실적 모멘텀 부재 목표가     하향 ,Securities
 내수 한계  올해 게임업계 화두는  글로벌 공략 ,Securities
하나증권    엔솔  보조금 제외시 영업적자 불가피 목표가       하향 ,Securities
           원       원     원 상승,Securities
미 전력망 수주  지난해만큼 늘기 힘들어     일렉트릭 목표가   하이,Securities
 돈나무  캐시우드  테슬라 폭락하자    억원  줍줍 ,Securities
프로티아  지난해 알레르기 진단 제품으로   개 국가 진출,Securities
     시총  천억달러 돌파  테슬라 제치고  매그니피션트 세븐 ,Securities
 오늘 상장  포스 키오스크  기업 포스뱅크  코스닥 입성,Securities
상속세 개편  다른나라들은 싱가포르    의 유혹  그래도 필요하다 는 일본  신인규의 이슈레이더 ,Securities
   마켓워치 뉴패러다임인베  올    억 투자,Securities
 국내외 주요 기업 실적 시즌   증시  변동성 국면 ,Securities
비씨엔씨  반도체용 폴리 실리콘 소재 부품사업 진출,Securities
삼일     올해     시장 회복세 상장전략 다변화해야 ,Securities
 현대오토에버      비용 반영돼 실적 부진 투자의견  중립   삼성,Securities
 월 대기업 회사채   조 육박  최대 호황 ,Securities
루닛     유방암 검진  루닛 인사이트        판매 개시,Securities
      현대차  글로벌 판매 둔화와 불확실성 목표가   만원으로 하향 ,Securities
 애플 앱스토어 수수료 인하에도 국내 게임주 꿈쩍않는 이유는  다올,Securities
달러 강세 속 리스크 오프 환율     원 후반대 복귀 외환브리핑 ,Securities
호텔신라  중국인 단체 관광 회복까지 기다려야   ,Securities
디앤디파마텍   합작사 지알파  알파 방사선 전립선암 치료제 미국 특허,Securities
 환율 걱정 말고 면세 쇼핑하세요 롯데면세점  설맞이 이벤트,Securities
 블루라이트까지 차단   설화수  상백 선케어 라인 출시,Securities
 굿모닝 증시  혼조마감 국내 우호적 환경 코스피 강보합 전망,Securities
한투운용  엔터 사 집중 투자          포커스      상장,Securities
      전환사채 채권자와 채무조정 합의,Securities
  조   악템라 시장 열렸다   셀트리온 품목허가 도전,Securities
미래   애경산업  해외 매출   집중  목표가 하향 ,Securities
   하이브        비중만              포커스      상장,Securities
   마켓워치 퓨처플레이     게이밍 솔루션에 투자,Securities
대신증권  호텔신라 목표가   보릿고개 지나는 중 ,Securities
한투운용  엔터주 집중하는          포커스     ,Securities
   조원 대규모   년물 입찰  장 마감 후   재무부 리펀딩 채권브리핑 ,Securities
삼성증권  현대모비스 목표가 하향  전장부품 투자회수 지연 ,Securities
코아시아  인도 반도체 산업 육성  현지 팹리스 지원 협회      업무 협약 ,Securities
삼성   호텔신라    관광객 수요 둔화로 실적 부진 목표가      ,Securities
삼성   현대오토에버  수익성 기대치 하회  투자의견 하향,Securities
한화오션 부진 탈출 돈 버는 회사로 거듭나는 원년 한국투자증권,Securities
하이투자  한화  풍력발전 디벨로버로 성장 기반 마련 중 목표가  ,Securities
 미국 경제     년대와 유사한 흐름  승자독식  하이,Securities
 클릭  종목  오로라  글로벌 캐릭터 콘텐츠 업체로 성장 ,Securities
호텔신라  주가는 연중 최저점 수준이지만 반등 모멘텀  풍부 ,Securities
웹젠   뮤모나크 로 실적 선방 신작 흥행시 재평가 신한,Securities
컴투스  성장 가능성 증명할 시점 신한,Securities
여행업 회복에 상품 구성 비즈니스 모델 확대 시너지    노랑풍선 기대 ,Securities
   이노텍  실적 우려 선반영됐지만 모멘텀 안 보여  목표가  ,Securities
 네오위즈    의 거짓 에도  분기 영업익 예상치 하회  목표가  ,Securities
하나   리파인  저출산 정책 대환대출 수혜주 ,Securities
메가젠임플란트    년 연속 유럽 수출  위 역대 최다 기록 경신 ,Securities
엘앤에프  코스피 거래 첫날  주가 상승 효과 제한 ,Securities
애경산업  체질 개선 안정적인 실적 성장 전망 한화,Securities
 뉴스새벽배송 랠리하던 뉴욕증시 숨고르기 인텔     ,Securities
미리보는 주총 이슈  지배구조 경영권 분쟁 배당정책 주목 ,Securities
   마켓워치 더인벤션랩 그라운드업벤처스  인증 리퍼비시 플랫폼에 베팅,Securities
    한국직업개발원  최두원 관세사      강의 신규 출시,Securities
  부자 가문  위 삼성   아시아에선 몇등  작년보다  위 하락했다는데  투자    ,Securities
 반도체 배터리뿐 아니다  소비재 화학 등 전방위 어닝쇼크  이익 전망치   조   조  뚝 ,Securities
 보다도 더 떨어진 국내증시 이번주     가 두렵다   투자    ,Securities
 클릭  종목        첫거래  엘엔에프  지수편입 효과  글쎄 ,Securities
 엘앤에프  코스피 이전 첫날 주가 상승  반짝효과  그칠듯  메리츠,Securities
 코스닥  코스피 대비 선방  월도 중소형  대응 유효 ,Securities
 클릭  종목  한화오션   분기엔 적자 올해 영업익 수주 회복 기대 ,Securities
올트먼  오픈   와   반도체  결국 손잡나  기로에 선 테슬라와    차전지 앞날은   한상춘의 지금세계는 ,Securities
  엔솔  향후    라인업에서 안정적 매출 성장 기대    ,Securities
에쓰오일  낮아진 주주환원 여력 목표가  하향  현대차,Securities
 클릭  종목  현대모비스  단기 주가 반등 모멘텀 부재 목표가  ,Securities
 클릭  종목  리파인  저출산 정책과 대환대출 수혜주 ,Securities
   마켓워치 우리자산운용 통합법인 출범  순자산    ,Securities
 오늘 코스피 상승 출발      따따블 주목,Securities
엘앤에프 오늘   일  코스피 상장  유의미한 주가 상승 부정적  메리츠,Securities
 클릭  종목  에스원  배당금 상향 긍정적 목표가  ,Securities
 에스원  주주가치 제고 긍정적 투자의견 목표가   이베스트,Securities
   통화정책 수정 임박 증시 상승세 제한 ,Securities
현대모비스   분기 실적 예상치 하회 수익성 정체 장기화 유안타,Securities
에스원  안정적인 실적 대비 주가는 저평가 목표주가  만원   ,Securities
 클릭  종목    엔솔  전기차 수요 둔화 지속 목표가   ,Securities
 목사  하나님 계시 라며 신도에 가상화폐 팔아   억원 가로채,Securities
 동양 사태  피해자들  천억대 집단소송  심도 패소,Securities
증권사 자사주 매입 확산  주목  주가 반등 계기되나,Securities
부실    우려에 캐피털사 이달만  조 갚아,Securities
   에너지솔루션   분기 영업적자 불가피  목표가 ,Securities
블룸버그  미군 공격당해   명 사상  유가 급등 전망 ,Securities
 클릭  종목  넥슨게임즈  숫자보다 중요한 투자포인트 ,Securities
현대오토에버  전략 사업 중장기 성장 가능성 유효   ,Securities
높아진 조달금리에 자산매각 계열사 차입해 급한불 꺼  시그널 ,Securities
 클릭  종목  애경산업  올해 생활용품 실적 아쉬울 것 목표가  ,Securities
  에너지솔루션  회복 방향성에 주목해야 투자의견  매수   신한,Securities
   엔솔  보조금 빼면  분기 적자 기록할 것 목표가   하나,Securities
  에너지솔루션  불확실성 확대 구간 목표주가  하향  하나,Securities
현대모비스  올해 외형 성장 더딜 것 수익성 개선 필요 유안타,Securities
   엔솔 목표가   만원으로      올해 실적 하향 조정 ,Securities
 시그널    포스코 미래에셋 박차고 나와     억 벤처펀드 만들었죠 ,Securities
 이번주     곳 실적 발표 증시 단기 방향성 결정 ,Securities
호텔신라  손익 보릿고개 넘는 중 단체 관광객에 주가 달렸다 대신,Securities
미리보는      주총  대 이슈는   소유분산기업 경영권분쟁 배당정책 기관주주권   투자    ,Securities
호텔신라  예상된 실적 부진 접근 가능한 주가 수준 한투,Securities
 코스피  당분간 반등 시도 단기 매매 업종 순환매 대응 가능  대신,Securities
 호텔신라   분기 매출 회복 지연 전망 목표가   대신,Securities
지난해 신규 벤처펀드 약정금       하반기 개선세,Securities
  이노텍   실적 모멘텀 안 보여  목표가     ,Securities
세종텔레콤  국가철도공단 장항선 복선전철 신호설비 신설 공사 수주,Securities
  월 강세 업종이 한해 이끌어 반도체 비중 늘려야 ,Securities
금감원   년간 부실 금투사   곳 직권말소  투자    ,Securities
   마켓워치 한투   한양대  포스코 사내벤처 출신에 투자,Securities
케이뱅크 턱밑 추격 토스뱅크 케뱅    로 반전 꾀할까,Securities
김주현 이복현  오늘 국회 출석 홍콩     격돌,Securities
  에너지솔루션  시총   조    조 트레이딩 권고 하나,Securities
한화   살 주식 없는    월 중소형주 중심 매매 전략 유효할 것 ,Securities
금감원  부실 금융투자업자   곳 직권말소,Securities
현대모비스  인건비 증가  목표주가   만   만 하나,Securities
 거버넌스워치 서울가스 김요한    억짜리 승계  돈줄     솔루션즈,Securities
엔비디아     이어   랠리 주도할 반도체주는   ,Securities
 복붙  표준약관 믿었다가 수백억 손실      증권  위너스운용에 패소,Securities
 나홀로 플러스 수익률  신한  황재수  최종  위  인터뷰  ,Securities
 저랑 일하기 싫어요   젊은 사무관 급발진에  당황   금융당국 포커스 ,Securities
 데이터로 보는 증시 해외 주요 증시 동향  월   일 ,Securities
챗   의 두 얼굴    활용이 안긴 증권가 과제,Securities
증권사 탄소배출권 사업 박차 이미지 제고  잰걸음 ,Securities
  셀   고형암  세포치료제 개발 승부수,Securities
금감원  부실 금융투자업자   곳 직권말소 퇴출,Securities
    주간브리핑     애플 실적  빅테크 어닝시즌 분수령  국가 전산시스템 개선 대책도 주목,Securities
  규제 완화 기대감에  휴우   게임  다시  들썩 ,Securities
하나     엔솔  정책 리스크 증폭 목표가   만   만 ,Securities
  월      레딧  기업가치   억달러 목표  년 만에 반토막,Securities
 단독 신한  판매한  환매중단  피델리스 펀드  추가 피해구제  난항 ,Securities
뉴욕증시  파월 발언 수위 대형 기술주 실적에 촉각  출근전 꼭 글로벌브리핑 ,Securities
 이번주 증시 캘린더  포스뱅크도   배 상승  동참하나 증시 부진 속    는 과열,Securities
 포스기 제조  포스뱅크  코스닥 입성   클라우드 기반 신제품 개발 ,Securities
 기관 시각 넉넉해진 공무원연금  올해 여유자금  조 굴린다,Securities
 개미털기 하는거지       약빨 떨어진 비트코인  관련종목도  뚝 ,Securities
     핀셋해법   고수익 원하면 고위험 책임  정부 구제 시그널 위험 ,Securities
코스피로 이사 가는 엘앤에프 코스피    편입 여부는 미지수,Securities
테슬라 주가 폭락으로 머스크 세계  위 부호 탈락,Securities
올해 주총 이슈는  소유분산기업 경영권 분쟁 배당정책 ,Securities
상사업계  작년 매출은 줄었지만 영업익은 늘어  신사업 효과 ,Securities
     핀셋해법   방패없이 들어간 전쟁터 위험분산 도구로 쓰인 개인들 ,Securities
금감원    개 부실 금융투자업자 직권말소,Securities
금감원  부실 금융투자업자 직권말소 유의사항 안내,Securities
 데이원자산운용 등 부실 금융투자업자 직권말소  금감원,Securities
금감원  부실 자산운용사 투자자문사 등   곳 퇴출,Securities
 기고 주식회사 다수결 원칙 허무는 상법 개정안,Securities
금융투자업자   곳 무더기 직권말소 향후 사업 영위 불가,Securities
회생기업 쓸어 담는   그룹  범현대  노현정 남편 건설사도 가져간다,Securities
  년 투자한 골프존 슬슬 손 떼는   자산운용,Securities
  업종     첫주자  이에이트  흥행 성공할까,Securities
자기자본 미달 등 부실 금융투자업자   곳 퇴출,Securities
 니케이 옵션    억 손실 공방    증권 책임 미수금 회수 빨간불,Securities
금감원  부적격 사모펀드 일임업자   사 퇴출,Securities
금감원  직권말소 요건 해당되면 검사 없이 금융투자회사 퇴출 ,Securities
데이원자산운용 등록 직권말소 금감원  부실 금투사 적시 퇴출 ,Securities
 수익률이       널뛰는 천연가스 가격에     투자자  현기증 ,Securities
경쟁사에서도 존경받는     의 아버지  배재규 사장,Securities
줄어든 증시주변자금 등돌린 개미에  천수답  증시 우려,Securities
트럼프 돌풍에 신재생에너지주  휘청휘청 ,Securities
김원규 이베스트투자증권 대표    그룹 편입 후 사업 다각화 기대,Securities
 매그니피센트  질주  빅테크     투자 매력도 상승,Securities
    대부의 조언  예측말라 개인은 장기 분산투자가 답 ,Securities
친이란 민병대 드론 공격에 미군  명 사망 중동 확전 위기 고조,Securities
문턱 높아진     심사 최장  개월 넘어섰다,Securities
     일 올해 첫      파월  금리인하 힌트 준다,Securities
부동산       개 사업장별 위험등급 매겨 충당금 차등화,Securities
 주간경제지표      년  월   일자,Securities
테슬라의 굴욕    서 가장 먼저 빠져야 할 기업 ,Securities
 경합주 표심 잡자  바이든  반도체 보조금 푼다 인텔      유력,Securities
 격동의 황제주    아 옛날이여    생건  중국 직격탄서  허우적 ,Securities
베이조스 전처  아마존 주식   조원어치 팔았다  더 헤어질 결심 ,Securities
중국 증권당국  내일부터 제한된 주식대여 금지,Securities
등 떠밀린 캐피털사 이달만  조 빚 갚아,Securities
조달금리 높아지고 투자자도 외면 자산매각 계열사 차입해 급한불 꺼  시그널 ,Securities
매물 나온 한국포스증권 인수후보 우리금융 거론,Securities
 러브콜  거부한 유승민  당을 지키겠다  권은희 내일 탈당,Securities
쌀포대로 가방 만들고 일회용 컵 줄이고    로 일자리까지,Securities
서초 대형마트 의무휴업 변경 첫날  편해요  주변 상권  영향 적어 ,Securities
 오늘의   인   증권사 신입  기므상 서 증시 전문가 돼  닛케이  만이요  ,Securities
 반도체 팹리스  제주반도체  석달만에       껑충 ,Securities
  대 자산가  대주주 양도세 기준   억으로 완화됐다는데   세무 재테크     ,Securities
 빅테크 양호한 실적 예고   코스피 제한적 반등 가능성  주간 증시 전망 ,Securities
리노공업  온디바이스   시장 확대 수혜   슐랭 가이드 ,Securities
빠르게 성장하는 생성형   에 베팅 중소형    종목 집중  이런 펀드 어때요  ,Securities
  부실 직격탄 부동산운용  빅   임직원   년만에 줄었다,Securities
 재테크 서적 무료 증정 으로     유인  가짜 주식 앱  피해 속출,Securities
새해 돌풍    테마주    배씩 올랐다,Securities
한진  운영자금 마련 사모채    억 발행,Securities
 사자  돌아선 외국인  삼성전자에 집중,Securities
 반짝 반등  에코프로 패밀리   추가 하락      바닥 탈출 ,Securities
다올투자증권  분기 영업익 흑자전환,Securities
개인  증시 부진에도 올들어  조원 넘게 순매수,Securities
   마켓워치  증권사 단기차입 의존  이달 전단채   조 조달,Securities
 무탄소 추진선 시장 개척  김동관의  퍼스트 무버  승부수,Securities
판매사  위험등급 산정  의무화에 코스콤  공동인프라 서비스  출시,Securities
    충당금 더 많이 쌓아라     당국      옥석 가리기  압박,Securities
순자산    배 뛴  펀드 테마형    도 출격 대기,Securities
대세 된  벚꽃 배당  현대차 금융지주  더블 배당   담아라,Securities
 이번주 추천주  박스권 뚫을 실적  주목 인터플렉스  갤    수혜  기대,Securities
고금리에 흔들렸던 리츠   배당     유망주로,Securities
뉴욕 증시  새해 첫      회의  월 금리인하 불투명,Securities
테슬라 추락에도 서학개미는  공포에 사라 ,Securities
상하이 증시     월 제조업      개월 연속    밑돌 듯,Securities
 실적 경고등     전자계열  인방 올해는 다를까,Securities
코윈테크  올     성장  차전지 종합장비 솔루션  도약 ,Securities
비만 치료에 꽂힌 큰손 펩트론  순위로 담았다,Securities
금감원  건설 조선 회계처리 중점 심사,Securities
  경기 부진에 카지노  신저가 눈물,Securities
내달  일 올해 첫      결과 주목  증시풍향계 ,Securities
 주식 투자  년새   조 늘어  테슬라  여전히  위,Securities
 우리도 가자  설 연휴 해외여행  역대 최대  이 주식도 같이 난다,Securities
금융지주 지금 투자땐  꿩먹고 알먹고  배당,Securities
전기차 기침에  차전지  몸살 연초 이후 시가총액   조 증발,Securities
 일 새벽      글로벌 증시 촉각,Securities
  반도체     성적  엔비디아보다    가 좌우했다,Securities
새해부터 터진 해킹사고에 월가  사이버보안   대세,Securities
 가짜 주식투자 앱  조심하세요,Securities
 올     시장  월배당 반도체 채권이 주도 ,Securities
    약발 떨어진 비트코인 관련   눈물 ,Securities
하도급대금 늑장 지급  위는 한국타이어,Securities
 월 코스피      꼴찌      월엔  상반기 반등장  준비하라는데,Securities
 비트코인 지금   주만에 상승 반전 전주        ,Securities
밀항하려다 잡힌  영풍제지 주가조작  주범에 구속영장 청구,Securities
 스타즈      바사   스카이백스  성장세 사업 고도화 잇단 결실,Securities
 주간증시전망 증시 반등 제한적 실적 발표 주목해야,Securities
돌아온 외국인 수급    알고보니 삼성전자  외사랑 ,Securities
  월도 아니라고  진짜 힘 빠지네  금리인하  대체 언제   월      촉각,Securities
  부자 아빠 가난한 아빠  책 드려요     앱 깔았더니 벌어진 일,Securities
  전자 새 먹거리로 떠오른  냉난방공조  핵심기술은,Securities
오른 공사비 무시하다 막판에  회계절벽  금감원  건설업 집중점검,Securities
이차전지 시총  줄줄이 하락  올해   조 증발 ,Securities
검찰  영풍제지 주가조작 주범 구속영장 청구,Securities
작년 하반기 창업 영세 소상공인  카드수수료 평균   만 원 환급,Securities
 반도체는 역시 엔비디아  이젠 옛말  수익률  위  비결은 이 종목,Securities
리포트 나오자     급등    로봇 모멘텀 부각될 종목은 ,Securities
 반도체  차전지  실적에 출렁인 증시    반등 제한적  이유는,Securities
개미들 올해만  조원 순매수 수익률은  대부분 손실,Securities
고려거란전쟁이 여의도에 주는 교훈  기자수첩 ,Securities
 단통법 폐지 에   지지층도 과반  찬성  눈길,Securities
 반등 시작       배터리 버블  붕괴    개미들은 에코프로  탈출 중,Securities
 만년적자  엑세스바이오  코로나로 환골탈태 급등주 지금은 ,Securities
 가짜 주식거래앱 조심하세요 ,Securities
금감원   건설 조선 등 수익 비용 인식 제대로 해야 ,Securities
 빅테크 실적 힘입어 제한적 반등       는 변수   주간증시전망 ,Securities
  우려에 금감원  건설 조선업 회계처리 집중점검,Securities
   마켓워치  한진  단기 사모채    억원어치 발행  조달금리 소폭 하락 ,Securities
지난해 랠리 일등공신이었는데 이차전지   올해 시총   조 증발,Securities
새해 벌써      급등      광풍에 테마주  활활 ,Securities
금감원  올해 건설업  회계절벽  집중감시,Securities
호실적 업고 날아오를 종목은   리노공업 더블유게임즈  주목    슐랭가이드 ,Securities
건설 조선업 회계처리 집중점검 원가계산 조작 우발부채 살핀다,Securities
가짜 주식거래앱 사기 기승 금감원  소비자경보  주의  발령,Securities
수주업체 매출액 뻥튀기 여전 금감원  회계분식 집중 점검 ,Securities
 주식투자 책 무료 증정  가짜 앱 설치 유도 금융사기  주의 ,Securities
 공모주 더 많이 받게 해줄게      사기 주의보,Securities
       동결 전망 파월 발언 주시 주간증시전망 ,Securities
 수주산업 회계 위반 증가  금감원  중점심사 엄정 관리 감독,Securities
공모주 더 싸게  많이 받을 수 있다고  금감원  금융사기 주의 ,Securities
       수익률  가짜 주식거래 앱 주의보  금감원,Securities
 건설 조선업  회계처리 시 주의하세요 ,Securities
가짜 주식거래 앱 설치 유도 사기 기승 금감원  적극 신고 권고 ,Securities
 주간 추천주   기대감 고조  증권가가 선별한 종목은 ,Securities
 책 공짜로 드려요  유인해 사설 증권앱 설치 유도 금감원  소비자경보 발령,Securities
건설 조선  회계절벽  막는다   기업 감사인에 사실상  경고 ,Securities
금융   부동산     시공사 의존 건설사 위기 때 위험 증폭 ,Securities
연예인 내세워  우량주 추천  인스타 광고에 낚여  억 날렸다,Securities
금감원  수주산업 결산 외감 유의사항 마련,Securities
 건설 조선  수주산업 분식회계 끊이지 않아 금감원  올해 중점심사 ,Securities
 따상 공모주 싸게 팔게요  연예인 사칭 가짜 주식앱  주의보 ,Securities
 주간추천주  맞춤형 메모리 수요 늘어  개미는 팔아도 증권가  사라 ,Securities
돌아온 외국인에 증시 반등 이어질까 주간증시전망 ,Securities
신한금융 에너지 취약계층에  사랑의 연탄 나눔 ,Securities
 탈원전 자금난  원전 중소 중견기업에   대 저리 금융지원,Securities
   증시레이더 엔비디아 편입     고공행진  포스코그룹 약세,Securities
테슬라  공포에 사라더니  마이너스  억인데 어떡해  눈물,Securities
 이번 주 증시  빅테크 실적에 쏠린 눈 제한적 반등 기대,Securities
성장통인가 추세하락인가  차전지 올 들어 시총   조 증발,Securities
이차전지  부진에 코스닥 상위   곳  개월간 시총   조 증발,Securities
    반도체 수요 커진다  반도체    수익률 고공행진 펀드와치 ,Securities
 증시캘린더 이번 주  월 주  포스뱅크 이닉스 상장 등,Securities
이차전지 시총   조 증발 전기차 업황 영향,Securities
기업은행  전 업무 전자문서  추진   디지털 전환 박차,Securities
코스닥 시총순위 지각변동      약진,Securities
코스닥 주간 개인 순매도  위  에코프로 ,Securities
코스닥 주간 외국인 순매도  위  제주반도체 ,Securities
코스닥 주간 기관 순매도  위  엘앤에프 ,Securities
코스닥 주간 기관 순매수  위      ,Securities
코스닥 주간 외국인 순매수  위  에코프로 ,Securities
코스닥 주간 개인 순매수  위  현대힘스 ,Securities
코스피 주간 개인 순매도  위  삼성전자 ,Securities
코스피 주간 외국인 순매도  위  삼성    ,Securities
코스피 주간 기관 순매도  위  삼성전자 ,Securities
코스피 주간 기관 순매수  위    화학 ,Securities
코스피 주간 외국인 순매수  위  삼성전자 ,Securities
코스피 주간 개인 순매수  위    하이닉스 ,Securities
실적은 깜짝인데 주가는 꿈쩍않네   실적 포인트 찾기  충당금  투자뉴스 뒤풀이 ,Securities
 삼성    현대 합쳐도 못 이겨  머스크도 혀 내두른 회사  김익환의 컴퍼니워치 ,Securities
 이번 주 코스피 제한적 반등할 듯   빅테크 실적 주목  주간전망 ,Securities
월배당    에 빠진 개미 제 월급통장 되려면  이것  따져야 선데이 머니카페 ,Securities
 주간 증시 전망    연준 금리 인하 기대 하락 코스피          ,Securities
 증시 풍향계  급한 불은 껐지만      빅테크 실적 주목,Securities
 공모주달력 깐깐해진 당국  신고서 고쳐쓴 코셈 케이웨더 수요예측,Securities
 베이징 다이어리 중국판 월급루팡   모위 의 최후,Securities
 이번주      월 첫째 주 수요예측 청약 일정,Securities
 반토막 난 내 주식 살려줘  이제 믿을 건    톱스타  뿐  신현아의    그후 ,Securities
 와 대박  신청도 안했는데 공모주 당첨   따상 꿈  부풀었는데 알고보니 사기,Securities
실적  빨간불  들어온 증권가 바닥일까 아직일까,Securities
 일요일 정상영업  서초구 대형마트  의무휴업일 변경  문 여는 곳 어디 ,Securities
올들어   조 증발 눈물의 이차전지,Securities
   마켓워치 에프앤디넷 매물로,Securities
개미들  올들어  조원 순매수 대부분  손실 ,Securities
 세계  위  비츠로셀 본사 가보니   공매도 전설도 샀다고  윤현주의   이 주식 ,Securities
증시는 원래   동조 아니었어  올해는 왜    동조 로 바뀌었을까요  유혜림의  마카세 ,Securities
올해 첫     서 금리인하 힌트 찾기 환율 방향성 탐색 주간외환전망 ,Securities
한 미 커브 스티프닝   월     의 파월 의장 스탠스 주목 주간채권전망 ,Securities
 뉴욕증시 주간전망   월      고용 실적 주목,Securities
대내외 리스크에 흔들리는 투자자들   안전자산 피난처로 대피,Securities
이차전지 시총  올해 들어   조 증발  추세하락 진행 중 ,Securities
게임사      실적 희비 교차   넥슨  매출  조  향해 독주,Securities
 증시 들어가유  백종원 더본코리아     추진  기업 가치는 얼마,Securities
 터미네이터 는 안돼   인류 위한 로봇 의  사람 역할  중요,Securities
알아서 척척  미래 경제 발전 이끌 폭발적인 잠재력,Securities
대한민국 주식부자  위  삼성  아니었네   세 모녀  사이 비집고 들어간  이 사람   신동윤의 나우 스톡 ,Securities
일상의 인간 역할 대신하는 만능 팔,Securities
개미들 올해 들어  조원대 순매수 상위   개  평균     ,Securities
 비즈    실적 꺾인  맏형    엔솔  삼성      온 전망은,Securities
 정부   초주검 증시  백기사로 나섰다  김규환의 핸디 차이나 ,Securities
 단독      앞둔 이녹스에코엠      억 밸류로 투자유치,Securities
 주간증시전망    하이닉스 깜짝 실적에 누그러진 우려  주요 기업 성적 발표 계속,Securities
평균연봉  억 넘는  대 은행   돈잔치  비판 속 성과급 줄였다,Securities
 차전지 테마 탈 때 주식 팔았던 후성 최대주주      억 유상증자엔 절반만 참여,Securities
 준법 윤리경영  힘주는 한국콜마  공정거래 관리자 신규 선임,Securities
  대 자산가  주식 양도세  시총만 따질 게 아니라고요    세무 재테크     ,Securities
김주현 이복현  내일 입 연다 홍콩     코인     주목,Securities
 시총    억원  썸씽     억원 상당 코인 털렸다  투자 주의보 ,Securities
   인 미만 도 중대재해처벌법 적용 안전관리 필수,Securities
포스코이앤씨  부산 촉진    재개발 수주   오티에르  통했다,Securities
 비트코인     금지령 이 코인거래소엔 호재  이지영의 코인세상 ,Securities
 청기홍기  삼성바이오   현대일렉트릭 깜짝실적에 목표가  ,Securities
 월 넷째 주  마켓    핫종목 주요 이슈  분 완벽정리  위클리 리뷰 ,Securities
실적 신화 써 내려가는 현대차 기아 정의선의 마법 올해도 ,Securities
   만 팔로워  정용진  친절한     홍보  발망 수장 만나 랜더스 유니폼 줬다 ,Securities
 그 가격에 내가 왜 샀을까   따따블  간 공모주  한달 만에 반토막,Securities
 부고 안정진 이베스트투자증권 주식운용본부장 씨 부친상,Securities
 오를 등급은 오른다  등급 상향된 현대코퍼레이션,Securities
카카오픽코마  일본  위 거래액     억엔 넘어,Securities
돌아온 외국인  사실상 삼성전자만  편식 ,Securities
꽁꽁 얼었다더니  날씨 왜 이래        폭락  당황한 개미들,Securities
 투심 주춤  가상자산 거래소 거래량  뚝  달러 연동 코인  반짝 ,Securities
  발 지각변동     시총  위 알파벳  조달러    테슬라 추락,Securities
 불금 밤에 무슨일  신한카드 결제 한때  먹통     시스템 장애 복구,Securities
 담당자가 없다고   해외 부동산  손실인데 관리도 부재,Securities
뉴욕증시  기술주 약세 물가 둔화 속 혼조 마감 인텔     급락,Securities
 부동산   충당금 적립  잇단 당국 경고에 숨가쁜 금융권,Securities
 다음주 증시 전망   실적 발표에 달린 주가   증시 반등은 제한적 ,Securities
 코스피 언제 날아오를까     로 눈 돌리는 서학개미,Securities
서울  전세대란  전망  두산위브더제니스 센트럴 계양    일부터 정당 계약,Securities
   테마 타고 기관  러브콜  올해      급등한  이 종목  종목현미경 ,Securities
 뉴욕증시  기술주 약세에 혼조 마감  인텔      엔디비아    하락,Securities
떨어질 만큼 떨어졌나 비트코인    급등   만    달러 회복,Securities
인공지능 반도체 경쟁서 밀렸다 인텔 급락이 말하는 것  글로벌마켓     ,Securities
 차 협상 결렬 동맹 이탈     품은 하림   산 넘어 산 ,Securities
 저가 매수  비트코인    급등   만    달러 회복 상보 ,Securities
 자사주 매입한다  증권주 주가 웃음꽃  올해 전망은 ,Securities
수백조원 부양책 내놓은    국내 증시  차이나 리스크  끝나나 ,Securities
 속보  비트코인    이상 급등   만    달러 회복,Securities
테슬라       리비안        전기차 루시드 제외 일제  상보 ,Securities
 월에    마이너스 금리  끝  주목되는 이주식,Securities
테슬라   개월 만에 최저가 잠 못 드는 개미,Securities
테슬라       상승했지만 주간 기준으로는     폭락,Securities
스튜디오삼익  공모주 청약 경쟁률      대   증거금  조  뭉칫돈   시그널 ,Securities
인텔     폭락에 필라델피아반도체지수도    급락 종합 ,Securities
   마켓워치 한강에셋  씨티스퀘어 매각 착수,Securities
